date,time,sku,warehouse,warehouse_cell_id,operation,invoice,expiration_date,operation_cost,comment
25-Mar-2022,06:02:29,ZM6587,A32,3421,first_arrival,51347790,10-Jan-2023,-88218.86,
25-Mar-2022,06:02:29,VZ2498,A32,2483,first_arrival,51347790,18-Feb-2023,-88218.86,
25-Mar-2022,06:02:29,CS1221,A32,3567,first_arrival,51347790,06-Nov-2022,-88218.86,arrived safely
25-Mar-2022,06:02:29,JN9426,A32,8387,first_arrival,51347790,30-Apr-2023,-88218.86,arrived safely
25-Mar-2022,06:02:29,PJ6540,A32,8761,first_arrival,51347790,15-Jul-2023,-88218.86,
25-Mar-2022,06:02:29,YE2651,A32,4845,first_arrival,51347790,04-Jun-2022,-88218.86,operation_cost = purchase_cost + delivery_cost
25-Mar-2022,06:02:29,UN5133,A32,8948,first_arrival,51347790,30-Oct-2022,-88218.86,arrived safely
25-Mar-2022,06:02:29,NZ6978,A32,8352,first_arrival,51347790,24-Apr-2022,-88218.86,
05-Apr-2022,23:36:43,KX1807,D44,9334,first_arrival,22331424,22-Jun-2023,-55529.66,operation_cost = purchase_cost + delivery_cost
05-Apr-2022,23:36:43,CE6343,D44,8132,first_arrival,22331424,24-Nov-2022,-55529.66,operation_cost = purchase_cost + delivery_cost
05-Apr-2022,23:36:43,UV8262,D44,5428,first_arrival,22331424,11-Dec-2022,-55529.66,arrived safely
05-Apr-2022,23:36:43,RZ9563,D44,0940,first_arrival,22331424,27-Dec-2022,-55529.66,arrived safely
05-Apr-2022,23:36:43,LH6844,D44,6813,first_arrival,22331424,01-Aug-2023,-55529.66,arrived safely
05-Apr-2022,23:36:43,MZ7962,D44,6062,first_arrival,22331424,15-Jul-2023,-55529.66,arrived safely
06-Apr-2022,16:39:56,LZ8812,B3,0662,first_arrival,73264134,28-Apr-2022,-115321.32,
06-Apr-2022,16:39:56,ZW7964,B3,5371,first_arrival,73264134,03-Jun-2022,-115321.32,operation_cost = purchase_cost + delivery_cost
06-Apr-2022,16:39:56,IW4618,B3,2923,first_arrival,73264134,16-May-2022,-115321.32,arrived safely
06-Apr-2022,16:39:56,UH8140,B3,2538,first_arrival,73264134,23-Apr-2023,-115321.32,arrived safely
06-Apr-2022,16:39:56,FA9323,B3,9095,first_arrival,73264134,22-Dec-2022,-115321.32,
06-Apr-2022,16:39:56,OH2598,B3,9560,first_arrival,73264134,01-Jul-2022,-115321.32,arrived safely
06-Apr-2022,16:39:56,YW3312,B3,6742,first_arrival,73264134,12-Dec-2022,-115321.32,operation_cost = purchase_cost + delivery_cost
06-Apr-2022,16:39:56,VT6166,B3,1938,first_arrival,73264134,16-Jun-2022,-115321.32,operation_cost = purchase_cost + delivery_cost
06-Apr-2022,16:39:56,NU8490,B3,6613,first_arrival,73264134,27-Oct-2022,-115321.32,operation_cost = purchase_cost + delivery_cost
06-Apr-2022,16:39:56,MJ9774,B3,7540,first_arrival,73264134,14-Jul-2023,-115321.32,arrived safely
07-Apr-2022,16:34:18,NO1525,D5,2227,first_arrival,78983295,11-Nov-2022,-28764.01,operation_cost = purchase_cost + delivery_cost
07-Apr-2022,16:34:18,OT6495,D5,6916,first_arrival,78983295,26-Feb-2023,-28764.01,operation_cost = purchase_cost + delivery_cost
07-Apr-2022,16:34:18,IM8944,D5,3426,first_arrival,78983295,09-Sep-2022,-28764.01,arrived safely
07-Apr-2022,16:34:18,RD1291,D5,5557,first_arrival,78983295,31-Jul-2022,-28764.01,arrived safely
07-Apr-2022,16:34:18,KU6411,D5,3619,first_arrival,78983295,02-Jul-2022,-28764.01,
07-Apr-2022,16:34:18,VP2280,D5,6100,first_arrival,78983295,18-May-2023,-28764.01,arrived safely
07-Apr-2022,16:34:18,GV2559,D5,4813,first_arrival,78983295,03-Apr-2023,-28764.01,operation_cost = purchase_cost + delivery_cost
07-Apr-2022,16:34:18,YV7588,D5,6530,first_arrival,78983295,28-Feb-2023,-28764.01,
25-Apr-2022,06:41:56,FA9323,A25,6313,move,30459865,22-Dec-2022,-162.31,necessary action
29-Apr-2022,11:01:15,OT6495,A39,0313,move,52605887,26-Feb-2023,-470.36,moving OT6495 from D5:6916 to A39:0313 under 52605887 invoice
30-Apr-2022,23:48:27,JT0785,A48,4760,first_arrival,65129765,19-Oct-2022,-63683.26,
30-Apr-2022,23:48:27,HW1481,A48,5064,first_arrival,65129765,08-Oct-2022,-63683.26,
30-Apr-2022,23:48:27,QA5237,A48,2862,first_arrival,65129765,18-Mar-2023,-63683.26,
30-Apr-2022,23:48:27,XQ6147,A48,0173,first_arrival,65129765,26-May-2023,-63683.26,
30-Apr-2022,23:48:27,KG2266,A48,3458,first_arrival,65129765,05-May-2023,-63683.26,arrived safely
07-May-2022,14:42:44,KG2266,B14,2336,move,39962190,05-May-2023,-176.31,necessary action
09-May-2022,23:02:08,QA5237,A32,3478,move,88504280,18-Mar-2023,-252.18,moving QA5237 from A48:2862 to A32:3478 under 88504280 invoice
14-May-2022,09:42:24,VP2280,D5,6100,sale,78983295,18-May-2023,24950.24,finally
14-May-2022,16:24:07,MJ9774,C22,8373,move,97377329,14-Jul-2023,-139.62,moving MJ9774 from B3:7540 to C22:8373 under 97377329 invoice
15-May-2022,17:03:17,KU6411,D44,0956,move,21600677,02-Jul-2022,-484.06,
21-May-2022,21:31:49,YV7588,A39,2075,move,90826980,28-Feb-2023,-454.82,
25-May-2022,21:25:01,DF5496,B14,7007,first_arrival,10626133,15-Jul-2022,-62251.11,
25-May-2022,21:25:01,OO5319,B14,4628,first_arrival,10626133,28-Jul-2023,-62251.11,operation_cost = purchase_cost + delivery_cost
25-May-2022,21:25:01,UH5842,B14,4564,first_arrival,10626133,12-Jul-2022,-62251.11,
25-May-2022,21:25:01,TT7120,B14,8162,first_arrival,10626133,28-Dec-2022,-62251.11,arrived safely
25-May-2022,21:25:01,GW0122,B14,4193,first_arrival,10626133,28-Nov-2022,-62251.11,
25-May-2022,21:25:01,KF5119,B14,0724,first_arrival,10626133,11-Aug-2022,-62251.11,arrived safely
28-May-2022,08:34:21,ZW7964,B3,5371,sale,73264134,03-Jun-2022,6669.88,
30-May-2022,06:37:47,UV8262,D44,5428,sale,22331424,11-Dec-2022,2983.28,yay
02-Jun-2022,18:34:10,FA9323,A25,6313,sale,30459865,22-Dec-2022,5824.32,
05-Jun-2022,15:23:01,JN9426,C22,9382,move,08506725,30-Apr-2023,-167.67,moving JN9426 from A32:8387 to C22:9382 under 08506725 invoice
10-Jun-2022,11:36:17,VZ2498,A32,2483,sale,51347790,18-Feb-2023,13527.27,finally
18-Jun-2022,18:43:06,TI1318,A32,4605,first_arrival,22782966,26-Dec-2022,-49410.92,arrived safely
18-Jun-2022,18:43:06,DN6004,A32,7207,first_arrival,22782966,16-Nov-2022,-49410.92,arrived safely
18-Jun-2022,18:43:06,TR7484,A32,6641,first_arrival,22782966,02-Aug-2022,-49410.92,
18-Jun-2022,18:43:06,VX2927,A32,2482,first_arrival,22782966,22-Nov-2022,-49410.92,
18-Jun-2022,18:43:06,CJ2992,A32,8696,first_arrival,22782966,26-Feb-2023,-49410.92,operation_cost = purchase_cost + delivery_cost
01-Jul-2022,16:50:48,RZ9563,A39,4265,move,70966837,27-Dec-2022,-454.08,necessary action
03-Jul-2022,23:56:56,UH8140,A48,0507,move,76520799,23-Apr-2023,-450.78,
07-Jul-2022,20:46:39,LH6844,C22,1514,move,13520310,01-Aug-2023,-177.00,necessary action
09-Jul-2022,12:19:14,LG3535,D5,9120,first_arrival,56550115,28-Jul-2023,-97815.41,arrived safely
09-Jul-2022,12:19:14,SU4838,D5,5863,first_arrival,56550115,06-Jun-2023,-97815.41,
09-Jul-2022,12:19:14,CW7841,D5,6908,first_arrival,56550115,19-Feb-2023,-97815.41,
09-Jul-2022,12:19:14,QK8423,D5,2309,first_arrival,56550115,11-Feb-2023,-97815.41,
09-Jul-2022,12:19:14,DS2449,D5,6418,first_arrival,56550115,20-Jul-2023,-97815.41,arrived safely
09-Jul-2022,12:19:14,HC7570,D5,3026,first_arrival,56550115,30-Nov-2022,-97815.41,arrived safely
09-Jul-2022,12:19:14,NP1280,D5,1393,first_arrival,56550115,13-Apr-2023,-97815.41,arrived safely
09-Jul-2022,12:19:14,LR4818,D5,6133,first_arrival,56550115,28-Sep-2022,-97815.41,
10-Jul-2022,00:06:25,NO1525,D5,2227,sale,78983295,11-Nov-2022,5977.07,
11-Jul-2022,01:31:03,KT0191,A39,2290,first_arrival,22631288,26-Aug-2022,-74217.49,
11-Jul-2022,01:31:03,EP9690,A39,4096,first_arrival,22631288,05-Mar-2023,-74217.49,arrived safely
11-Jul-2022,01:31:03,KR6634,A39,7969,first_arrival,22631288,26-Feb-2023,-74217.49,arrived safely
11-Jul-2022,01:31:03,TI6493,A39,9653,first_arrival,22631288,02-Aug-2023,-74217.49,
11-Jul-2022,01:31:03,MR1543,A39,9918,first_arrival,22631288,27-Nov-2022,-74217.49,arrived safely
11-Jul-2022,01:31:03,GP3758,A39,3978,first_arrival,22631288,22-Jun-2023,-74217.49,
11-Jul-2022,01:31:03,NY2169,A39,8942,first_arrival,22631288,26-Oct-2022,-74217.49,arrived safely
11-Jul-2022,01:31:03,LR9009,A39,9801,first_arrival,22631288,14-Oct-2022,-74217.49,
11-Jul-2022,01:31:03,XA2538,A39,8277,first_arrival,22631288,17-Dec-2022,-74217.49,operation_cost = purchase_cost + delivery_cost
13-Jul-2022,17:52:54,TR7484,A48,4891,move,10167455,02-Aug-2022,-197.77,moving TR7484 from A32:6641 to A48:4891 under 10167455 invoice
17-Jul-2022,22:57:27,KF5119,D44,3060,move,28058854,11-Aug-2022,-489.98,moving KF5119 from B14:0724 to D44:3060 under 28058854 invoice
18-Jul-2022,02:59:30,TR7484,A25,1298,move,98674627,02-Aug-2022,-487.88,necessary action
18-Jul-2022,08:22:49,MJ9774,A39,5885,move,60911321,14-Jul-2023,-245.12,necessary action
19-Jul-2022,16:18:05,HW1481,A48,5064,sale,65129765,08-Oct-2022,25062.84,yay
23-Jul-2022,20:47:36,NZ6978,A48,5596,move,14588990,24-Apr-2022,-132.61,
24-Jul-2022,14:53:24,EC0325,C22,5743,first_arrival,02521533,07-Mar-2023,-67806.38,operation_cost = purchase_cost + delivery_cost
24-Jul-2022,14:53:24,SP9963,C22,3128,first_arrival,02521533,04-Oct-2022,-67806.38,operation_cost = purchase_cost + delivery_cost
24-Jul-2022,14:53:24,DL9842,C22,5562,first_arrival,02521533,24-Jun-2023,-67806.38,operation_cost = purchase_cost + delivery_cost
24-Jul-2022,14:53:24,LT1910,C22,3953,first_arrival,02521533,12-Feb-2023,-67806.38,
24-Jul-2022,14:53:24,AR4287,C22,5385,first_arrival,02521533,07-Nov-2022,-67806.38,operation_cost = purchase_cost + delivery_cost
24-Jul-2022,14:53:24,MY4669,C22,0978,first_arrival,02521533,03-Dec-2022,-67806.38,operation_cost = purchase_cost + delivery_cost
24-Jul-2022,14:53:24,AP6256,C22,3584,first_arrival,02521533,17-Feb-2023,-67806.38,arrived safely
24-Jul-2022,14:53:24,OP2741,C22,7800,first_arrival,02521533,06-Jun-2023,-67806.38,arrived safely
24-Jul-2022,14:53:24,IM1739,C22,3150,first_arrival,02521533,04-Apr-2023,-67806.38,
24-Jul-2022,14:53:24,AM5071,C22,0188,first_arrival,02521533,21-Jun-2023,-67806.38,operation_cost = purchase_cost + delivery_cost
24-Jul-2022,14:53:24,UZ7689,C22,9488,first_arrival,02521533,04-Jul-2023,-67806.38,
24-Jul-2022,14:53:24,KX2513,C22,8777,first_arrival,02521533,07-Dec-2022,-67806.38,operation_cost = purchase_cost + delivery_cost
25-Jul-2022,17:43:27,RZ9563,A32,9643,move,15095766,27-Dec-2022,-268.35,moving RZ9563 from A39:4265 to A32:9643 under 15095766 invoice
27-Jul-2022,14:19:34,XY4965,C22,3860,first_arrival,76995657,06-Feb-2023,-5375.31,arrived safely
27-Jul-2022,14:19:34,JK3361,C22,9235,first_arrival,76995657,28-Sep-2022,-5375.31,
27-Jul-2022,14:19:34,MY6002,C22,7796,first_arrival,76995657,24-Oct-2022,-5375.31,
27-Jul-2022,14:19:34,FY5929,C22,1674,first_arrival,76995657,07-Apr-2023,-5375.31,arrived safely
27-Jul-2022,14:19:34,PY2609,C22,5938,first_arrival,76995657,24-Jul-2023,-5375.31,arrived safely
27-Jul-2022,14:19:34,KY2362,C22,2763,first_arrival,76995657,05-Sep-2022,-5375.31,
28-Jul-2022,12:33:25,CW7841,D5,6908,sale,56550115,19-Feb-2023,18406.24,
28-Jul-2022,15:04:51,QJ2822,B3,8765,first_arrival,02340164,27-Mar-2023,-56097.02,arrived safely
28-Jul-2022,15:04:51,NA8157,B3,1514,first_arrival,02340164,04-Jun-2023,-56097.02,operation_cost = purchase_cost + delivery_cost
28-Jul-2022,15:04:51,QI8615,B3,4842,first_arrival,02340164,09-Aug-2022,-56097.02,operation_cost = purchase_cost + delivery_cost
03-Aug-2022,21:41:08,KT0191,A39,2290,sale,22631288,26-Aug-2022,28974.33,
06-Aug-2022,05:37:40,MZ7962,B14,2236,move,42575701,15-Jul-2023,-199.58,moving MZ7962 from D44:6062 to B14:2236 under 42575701 invoice
07-Aug-2022,09:24:56,LH6844,D5,8857,move,88478649,01-Aug-2023,-315.83,
08-Aug-2022,01:25:42,JT0785,A48,4760,sale,65129765,19-Oct-2022,15265.17,yay
08-Aug-2022,09:31:58,VR3322,A25,0742,first_arrival,30227572,26-Dec-2022,-157286.43,
08-Aug-2022,09:31:58,LE4331,A25,5120,first_arrival,30227572,11-Jan-2023,-157286.43,operation_cost = purchase_cost + delivery_cost
08-Aug-2022,09:31:58,CH3181,A25,3856,first_arrival,30227572,21-Apr-2023,-157286.43,operation_cost = purchase_cost + delivery_cost
08-Aug-2022,09:31:58,XG4675,A25,8805,first_arrival,30227572,24-Apr-2023,-157286.43,operation_cost = purchase_cost + delivery_cost
08-Aug-2022,09:31:58,TI0996,A25,2157,first_arrival,30227572,11-Jul-2023,-157286.43,operation_cost = purchase_cost + delivery_cost
08-Aug-2022,09:31:58,RS3087,A25,5396,first_arrival,30227572,16-Dec-2022,-157286.43,arrived safely
08-Aug-2022,09:31:58,HN7140,A25,1010,first_arrival,30227572,25-May-2023,-157286.43,arrived safely
08-Aug-2022,09:31:58,CS5279,A25,0931,first_arrival,30227572,21-Jul-2023,-157286.43,
08-Aug-2022,09:31:58,JR3440,A25,1977,first_arrival,30227572,20-Nov-2022,-157286.43,
08-Aug-2022,09:31:58,GS2747,A25,5489,first_arrival,30227572,08-Aug-2023,-157286.43,
11-Aug-2022,18:45:22,NZ6978,A48,5596,dispose,14588990,24-Apr-2022,36.20,resold wasted parts
13-Aug-2022,05:17:31,ZM6587,A25,4477,move,94385094,10-Jan-2023,-371.28,necessary action
13-Aug-2022,11:35:03,YE2651,A32,4845,dispose,51347790,04-Jun-2022,-196.65,it stinks
16-Aug-2022,12:06:41,YZ0627,B14,8097,first_arrival,62660578,09-Jan-2023,-13691.16,operation_cost = purchase_cost + delivery_cost
16-Aug-2022,12:06:41,KO8297,B14,2652,first_arrival,62660578,10-Jul-2023,-13691.16,operation_cost = purchase_cost + delivery_cost
16-Aug-2022,12:06:41,WE8710,B14,4858,first_arrival,62660578,12-Apr-2023,-13691.16,
16-Aug-2022,12:06:41,RY4649,B14,6213,first_arrival,62660578,08-Dec-2022,-13691.16,operation_cost = purchase_cost + delivery_cost
16-Aug-2022,12:06:41,ZR5240,B14,0036,first_arrival,62660578,27-Jan-2023,-13691.16,arrived safely
16-Aug-2022,12:06:41,XD1064,B14,8567,first_arrival,62660578,14-Feb-2023,-13691.16,operation_cost = purchase_cost + delivery_cost
16-Aug-2022,12:06:41,CV3929,B14,4280,first_arrival,62660578,02-Jun-2023,-13691.16,arrived safely
16-Aug-2022,12:06:41,XL5583,B14,5975,first_arrival,62660578,11-Sep-2022,-13691.16,arrived safely
16-Aug-2022,12:06:41,PV6283,B14,1553,first_arrival,62660578,05-Jan-2023,-13691.16,arrived safely
16-Aug-2022,12:06:41,IV3733,B14,8180,first_arrival,62660578,10-Mar-2023,-13691.16,
16-Aug-2022,12:06:41,NI3421,B14,4670,first_arrival,62660578,17-Dec-2022,-13691.16,arrived safely
16-Aug-2022,12:06:41,TA9285,B14,8344,first_arrival,62660578,23-Apr-2023,-13691.16,operation_cost = purchase_cost + delivery_cost
17-Aug-2022,04:39:31,DS2449,D5,6418,sale,56550115,20-Jul-2023,8027.79,
17-Aug-2022,20:33:49,RS3087,A39,4461,move,77085230,16-Dec-2022,-480.77,necessary action
19-Aug-2022,02:20:32,DH3257,D5,5305,first_arrival,22511375,03-Dec-2022,-78662.74,arrived safely
19-Aug-2022,02:20:32,HS6864,D5,7384,first_arrival,22511375,23-Oct-2022,-78662.74,
19-Aug-2022,02:20:32,HB1731,D5,0822,first_arrival,22511375,04-Oct-2022,-78662.74,
19-Aug-2022,02:20:32,EW3444,D5,5311,first_arrival,22511375,29-Dec-2022,-78662.74,operation_cost = purchase_cost + delivery_cost
19-Aug-2022,02:20:32,ZY1051,D5,4239,first_arrival,22511375,17-Jan-2023,-78662.74,
19-Aug-2022,02:20:32,XZ3683,D5,9250,first_arrival,22511375,23-Jun-2023,-78662.74,arrived safely
19-Aug-2022,02:20:32,XJ0846,D5,0444,first_arrival,22511375,28-Jul-2023,-78662.74,arrived safely
19-Aug-2022,15:38:45,GV2559,B3,8459,move,35980979,03-Apr-2023,-275.31,necessary action
23-Aug-2022,12:25:50,KF5119,A25,9122,move,69473021,11-Aug-2022,-235.82,moving KF5119 from D44:3060 to A25:9122 under 69473021 invoice
25-Aug-2022,20:59:10,OU0976,A39,5116,first_arrival,96572674,31-Jan-2023,-5332.08,operation_cost = purchase_cost + delivery_cost
25-Aug-2022,20:59:10,EN1229,A39,0273,first_arrival,96572674,07-Feb-2023,-5332.08,arrived safely
25-Aug-2022,20:59:10,AO2901,A39,7432,first_arrival,96572674,20-Feb-2023,-5332.08,arrived safely
25-Aug-2022,20:59:10,PX7093,A39,8307,first_arrival,96572674,30-May-2023,-5332.08,operation_cost = purchase_cost + delivery_cost
25-Aug-2022,20:59:10,BY0513,A39,1445,first_arrival,96572674,26-Dec-2022,-5332.08,arrived safely
26-Aug-2022,06:21:19,UZ7689,A25,0252,move,11941527,04-Jul-2023,-476.73,necessary action
27-Aug-2022,03:36:36,IM1739,C22,3150,sale,02521533,04-Apr-2023,4559.04,
27-Aug-2022,14:07:28,UZ7689,A25,0252,sale,11941527,04-Jul-2023,9282.93,finally
29-Aug-2022,17:15:07,KR6634,B3,2774,move,67378256,26-Feb-2023,-276.00,necessary action
29-Aug-2022,23:08:14,PV6283,C22,0500,move,34411408,05-Jan-2023,-186.52,moving PV6283 from B14:1553 to C22:0500 under 34411408 invoice
30-Aug-2022,06:48:05,UI7212,D44,7312,first_arrival,41010144,01-Nov-2022,-125557.34,arrived safely
30-Aug-2022,06:48:05,DQ3779,D44,0303,first_arrival,41010144,09-Jul-2023,-125557.34,operation_cost = purchase_cost + delivery_cost
30-Aug-2022,06:48:05,TZ9623,D44,5322,first_arrival,41010144,08-Jun-2023,-125557.34,operation_cost = purchase_cost + delivery_cost
30-Aug-2022,06:48:05,WK8985,D44,2131,first_arrival,41010144,01-Oct-2022,-125557.34,arrived safely
30-Aug-2022,06:48:05,ET4951,D44,1168,first_arrival,41010144,31-May-2023,-125557.34,operation_cost = purchase_cost + delivery_cost
30-Aug-2022,06:48:05,LP6775,D44,7540,first_arrival,41010144,21-Jan-2023,-125557.34,
30-Aug-2022,06:48:05,MB2122,D44,3825,first_arrival,41010144,12-Dec-2022,-125557.34,arrived safely
31-Aug-2022,01:51:03,RY4649,C22,2704,move,72200854,08-Dec-2022,-266.42,moving RY4649 from B14:6213 to C22:2704 under 72200854 invoice
31-Aug-2022,05:33:18,CV3929,C22,7696,move,15059967,02-Jun-2023,-466.04,moving CV3929 from B14:4280 to C22:7696 under 15059967 invoice
02-Sep-2022,03:59:22,CS5279,A25,0931,sale,30227572,21-Jul-2023,15320.03,yay
04-Sep-2022,16:06:45,LN9547,D44,5363,first_arrival,70467112,02-Apr-2023,-36728.57,
04-Sep-2022,16:06:45,QX6434,D44,0586,first_arrival,70467112,04-Nov-2022,-36728.57,
04-Sep-2022,16:06:45,FB6355,D44,9997,first_arrival,70467112,16-Jun-2023,-36728.57,operation_cost = purchase_cost + delivery_cost
07-Sep-2022,00:26:28,LZ8812,B3,0662,dispose,73264134,28-Apr-2022,62.76,at least some compensation
07-Sep-2022,05:37:21,XZ3683,D5,9250,sale,22511375,23-Jun-2023,2893.75,finally
09-Sep-2022,09:04:44,NY2169,B14,2350,move,72226269,26-Oct-2022,-167.22,moving NY2169 from A39:8942 to B14:2350 under 72226269 invoice
09-Sep-2022,20:29:39,XL5583,B14,5975,sale,62660578,11-Sep-2022,25048.11,
11-Sep-2022,00:02:52,BT7225,B14,6261,first_arrival,55422789,18-Apr-2023,-109396.79,arrived safely
11-Sep-2022,00:02:52,FY8434,B14,8143,first_arrival,55422789,31-Jul-2023,-109396.79,arrived safely
11-Sep-2022,00:02:52,BB9212,B14,1930,first_arrival,55422789,13-Jan-2023,-109396.79,operation_cost = purchase_cost + delivery_cost
11-Sep-2022,00:02:52,QI8578,B14,7553,first_arrival,55422789,11-Jan-2023,-109396.79,
11-Sep-2022,00:02:52,NF8061,B14,3849,first_arrival,55422789,24-Jan-2023,-109396.79,
11-Sep-2022,00:02:52,SK2820,B14,5219,first_arrival,55422789,14-Jun-2023,-109396.79,arrived safely
11-Sep-2022,11:26:02,EC0325,D5,5872,move,53591692,07-Mar-2023,-486.44,
11-Sep-2022,11:40:42,II5005,A32,0600,first_arrival,62516358,12-Oct-2022,-95496.89,arrived safely
11-Sep-2022,11:40:42,ID1879,A32,0052,first_arrival,62516358,21-Feb-2023,-95496.89,operation_cost = purchase_cost + delivery_cost
11-Sep-2022,11:40:42,SU7165,A32,5344,first_arrival,62516358,26-Jun-2023,-95496.89,
11-Sep-2022,11:40:42,TR4593,A32,6692,first_arrival,62516358,03-Jan-2023,-95496.89,arrived safely
11-Sep-2022,11:40:42,JO5352,A32,1713,first_arrival,62516358,05-Apr-2023,-95496.89,arrived safely
11-Sep-2022,11:40:42,YZ4333,A32,9177,first_arrival,62516358,28-May-2023,-95496.89,
11-Sep-2022,11:40:42,JS9683,A32,5109,first_arrival,62516358,21-Sep-2022,-95496.89,
11-Sep-2022,11:40:42,XK2314,A32,5632,first_arrival,62516358,17-Jan-2023,-95496.89,
11-Sep-2022,11:40:42,RK9615,A32,0705,first_arrival,62516358,21-Sep-2022,-95496.89,
11-Sep-2022,11:40:42,CN4312,A32,9737,first_arrival,62516358,23-Sep-2022,-95496.89,
11-Sep-2022,11:40:42,AA7528,A32,3030,first_arrival,62516358,21-Nov-2022,-95496.89,operation_cost = purchase_cost + delivery_cost
11-Sep-2022,11:40:42,TN6980,A32,4582,first_arrival,62516358,09-Jul-2023,-95496.89,operation_cost = purchase_cost + delivery_cost
12-Sep-2022,02:37:51,GW0122,D44,0754,move,79262894,28-Nov-2022,-109.52,moving GW0122 from B14:4193 to D44:0754 under 79262894 invoice
12-Sep-2022,10:50:09,NP1280,A25,1677,move,73570799,13-Apr-2023,-474.46,
13-Sep-2022,09:28:14,GV2559,A32,5722,move,87888311,03-Apr-2023,-209.76,moving GV2559 from B3:8459 to A32:5722 under 87888311 invoice
14-Sep-2022,23:18:48,TI0996,C22,5577,move,95003517,11-Jul-2023,-377.68,moving TI0996 from A25:2157 to C22:5577 under 95003517 invoice
15-Sep-2022,06:40:24,UH5842,A48,1859,move,10771464,12-Jul-2022,-210.44,necessary action
15-Sep-2022,20:11:56,FY8434,A25,3715,move,32773931,31-Jul-2023,-143.07,moving FY8434 from B14:8143 to A25:3715 under 32773931 invoice
16-Sep-2022,05:04:26,QI8578,A25,1055,move,30569583,11-Jan-2023,-249.96,necessary action
16-Sep-2022,05:57:56,VT6166,B3,1938,dispose,73264134,16-Jun-2022,20.93,managed to sell partially!
17-Sep-2022,02:53:41,OU0976,A39,5116,sale,96572674,31-Jan-2023,24750.61,finally
17-Sep-2022,11:53:34,IM8944,D44,8078,move,63067709,09-Sep-2022,-132.54,moving IM8944 from D5:3426 to D44:8078 under 63067709 invoice
17-Sep-2022,18:33:45,JO5352,B3,0046,move,70970352,05-Apr-2023,-455.89,moving JO5352 from A32:1713 to B3:0046 under 70970352 invoice
18-Sep-2022,09:56:43,RZ9563,C22,4832,move,37325911,27-Dec-2022,-413.90,moving RZ9563 from A32:9643 to C22:4832 under 37325911 invoice
19-Sep-2022,16:43:08,SU4838,B3,0498,move,59579718,06-Jun-2023,-368.82,necessary action
22-Sep-2022,07:19:12,XK2314,A32,5632,sale,62516358,17-Jan-2023,16473.75,finally
22-Sep-2022,08:20:37,BA0956,A39,8516,first_arrival,37640267,01-Mar-2023,-4409.95,
22-Sep-2022,08:20:37,IV4996,A39,5333,first_arrival,37640267,14-Jan-2023,-4409.95,operation_cost = purchase_cost + delivery_cost
22-Sep-2022,08:20:37,MB7444,A39,9453,first_arrival,37640267,09-Jun-2023,-4409.95,operation_cost = purchase_cost + delivery_cost
22-Sep-2022,08:20:37,OG7216,A39,3893,first_arrival,37640267,17-Apr-2023,-4409.95,arrived safely
22-Sep-2022,08:20:37,CI3671,A39,7651,first_arrival,37640267,06-May-2023,-4409.95,
22-Sep-2022,08:20:37,NQ1964,A39,0685,first_arrival,37640267,11-May-2023,-4409.95,arrived safely
22-Sep-2022,08:20:37,HW3468,A39,1557,first_arrival,37640267,12-Jul-2023,-4409.95,arrived safely
22-Sep-2022,14:47:26,GV2559,A32,5722,sale,87888311,03-Apr-2023,11105.38,
23-Sep-2022,06:45:22,RY4649,D5,2860,move,49519411,08-Dec-2022,-421.44,moving RY4649 from C22:2704 to D5:2860 under 49519411 invoice
25-Sep-2022,10:28:21,II5005,A25,1880,move,47361153,12-Oct-2022,-320.17,moving II5005 from A32:0600 to A25:1880 under 47361153 invoice
27-Sep-2022,05:25:02,VO9800,D44,3821,first_arrival,38068726,07-Mar-2023,-13102.16,
27-Sep-2022,05:25:02,IZ2326,D44,0533,first_arrival,38068726,10-Jan-2023,-13102.16,arrived safely
27-Sep-2022,05:25:02,AK0227,D44,8599,first_arrival,38068726,05-Nov-2022,-13102.16,
27-Sep-2022,05:25:02,HZ7184,D44,5057,first_arrival,38068726,04-Dec-2022,-13102.16,
27-Sep-2022,05:25:02,ZK7940,D44,1911,first_arrival,38068726,09-Jul-2023,-13102.16,arrived safely
27-Sep-2022,05:25:02,AK6544,D44,5554,first_arrival,38068726,05-Apr-2023,-13102.16,
27-Sep-2022,12:21:07,RS3087,C22,2750,move,94753131,16-Dec-2022,-138.05,necessary action
27-Sep-2022,15:03:52,ID1879,D44,8240,move,65975161,21-Feb-2023,-296.34,necessary action
29-Sep-2022,04:23:11,UH5842,C22,4388,move,95723133,12-Jul-2022,-248.36,moving UH5842 from A48:1859 to C22:4388 under 95723133 invoice
01-Oct-2022,11:58:22,OO5319,A39,9148,move,74463490,28-Jul-2023,-212.28,
02-Oct-2022,19:47:05,HC7570,D5,3026,sale,56550115,30-Nov-2022,1259.64,
07-Oct-2022,05:47:25,TI6493,A25,2165,move,65916479,02-Aug-2023,-308.64,necessary action
07-Oct-2022,10:07:46,BT7225,B14,6261,sale,55422789,18-Apr-2023,29254.46,yay
08-Oct-2022,05:43:57,OO5319,A48,8964,move,75206478,28-Jul-2023,-423.10,moving OO5319 from A39:9148 to A48:8964 under 75206478 invoice
09-Oct-2022,11:08:36,CE6343,A39,9916,move,64160300,24-Nov-2022,-381.54,necessary action
10-Oct-2022,12:32:42,IC4478,B14,6332,first_arrival,67264331,01-May-2023,-56205.57,arrived safely
10-Oct-2022,12:32:42,BO7880,B14,7272,first_arrival,67264331,29-Nov-2022,-56205.57,
10-Oct-2022,12:32:42,TN5233,B14,1668,first_arrival,67264331,17-Jan-2023,-56205.57,arrived safely
10-Oct-2022,12:32:42,LM7225,B14,9637,first_arrival,67264331,21-Dec-2022,-56205.57,arrived safely
12-Oct-2022,05:54:42,NQ1964,A39,0685,sale,37640267,11-May-2023,15241.31,yay
12-Oct-2022,18:19:08,OP2741,A48,9890,move,27032727,06-Jun-2023,-491.27,moving OP2741 from C22:7800 to A48:9890 under 27032727 invoice
13-Oct-2022,22:52:51,KX2513,A39,6642,move,93344493,07-Dec-2022,-161.99,moving KX2513 from C22:8777 to A39:6642 under 93344493 invoice
14-Oct-2022,11:15:18,LN9547,B14,7140,move,82392680,02-Apr-2023,-467.91,moving LN9547 from D44:5363 to B14:7140 under 82392680 invoice
18-Oct-2022,01:21:17,UH8140,A48,0507,sale,76520799,23-Apr-2023,4574.16,
19-Oct-2022,07:31:57,UT3621,B3,0108,first_arrival,83315711,04-Mar-2023,-62754.15,operation_cost = purchase_cost + delivery_cost
19-Oct-2022,07:31:57,OW4289,B3,3873,first_arrival,83315711,01-Mar-2023,-62754.15,arrived safely
19-Oct-2022,07:31:57,XZ1137,B3,5247,first_arrival,83315711,27-Apr-2023,-62754.15,operation_cost = purchase_cost + delivery_cost
19-Oct-2022,07:31:57,VD3299,B3,6370,first_arrival,83315711,28-Apr-2023,-62754.15,
19-Oct-2022,07:31:57,SH4787,B3,8363,first_arrival,83315711,20-Apr-2023,-62754.15,
19-Oct-2022,14:13:38,OP2741,A48,9890,sale,27032727,06-Jun-2023,10052.96,yay
20-Oct-2022,11:57:44,NU8490,A39,3674,move,21601243,27-Oct-2022,-279.21,necessary action
21-Oct-2022,03:06:19,UI7212,A39,2541,move,26563691,01-Nov-2022,-311.07,necessary action
22-Oct-2022,15:28:44,ID1879,A48,2168,move,50121270,21-Feb-2023,-197.14,moving ID1879 from D44:8240 to A48:2168 under 50121270 invoice
22-Oct-2022,17:28:19,DL9842,A48,5364,move,00982037,24-Jun-2023,-280.12,
23-Oct-2022,03:19:23,XG4675,A25,8805,sale,30227572,24-Apr-2023,12081.19,
24-Oct-2022,10:25:42,MJ9774,A39,5885,sale,60911321,14-Jul-2023,18983.05,yay
24-Oct-2022,15:34:34,TR4593,B14,5010,move,93635038,03-Jan-2023,-338.57,moving TR4593 from A32:6692 to B14:5010 under 93635038 invoice
25-Oct-2022,02:33:30,CH3181,D44,4215,move,36093702,21-Apr-2023,-187.46,necessary action
25-Oct-2022,07:44:56,KF5119,A25,9122,dispose,69473021,11-Aug-2022,-232.48,:`(
25-Oct-2022,08:23:24,FY8434,C22,0151,move,55457735,31-Jul-2023,-455.53,moving FY8434 from A25:3715 to C22:0151 under 55457735 invoice
25-Oct-2022,19:54:46,BO7880,D44,5341,move,03143362,29-Nov-2022,-476.01,
25-Oct-2022,20:03:17,BB9212,B14,1930,sale,55422789,13-Jan-2023,23098.69,yay
25-Oct-2022,20:30:43,HS6864,A32,6909,move,27591543,23-Oct-2022,-323.45,necessary action
26-Oct-2022,20:19:09,IC4478,B14,6332,sale,67264331,01-May-2023,16335.60,
26-Oct-2022,22:32:46,MW9308,B3,7690,first_arrival,12848960,28-Nov-2022,-14711.14,arrived safely
26-Oct-2022,22:32:46,JX8137,B3,4417,first_arrival,12848960,03-May-2023,-14711.14,
26-Oct-2022,22:32:46,JV3688,B3,6538,first_arrival,12848960,23-Apr-2023,-14711.14,arrived safely
26-Oct-2022,22:32:46,PB9978,B3,7711,first_arrival,12848960,01-Jul-2023,-14711.14,arrived safely
26-Oct-2022,22:32:46,YY4858,B3,2164,first_arrival,12848960,02-Apr-2023,-14711.14,arrived safely
27-Oct-2022,21:24:58,QJ2822,C22,6877,move,81143160,27-Mar-2023,-331.82,
28-Oct-2022,14:35:24,PJ6702,D5,0817,first_arrival,00769062,04-Feb-2023,-174560.42,arrived safely
28-Oct-2022,14:35:24,IG3729,D5,5797,first_arrival,00769062,10-Apr-2023,-174560.42,
28-Oct-2022,14:35:24,FB9264,D5,9560,first_arrival,00769062,01-Jan-2023,-174560.42,
28-Oct-2022,14:35:24,DU3966,D5,5230,first_arrival,00769062,22-Dec-2022,-174560.42,
28-Oct-2022,14:35:24,HW3148,D5,1801,first_arrival,00769062,19-Dec-2022,-174560.42,operation_cost = purchase_cost + delivery_cost
28-Oct-2022,14:35:24,QR4627,D5,5340,first_arrival,00769062,03-Feb-2023,-174560.42,arrived safely
28-Oct-2022,14:35:24,VP4845,D5,0377,first_arrival,00769062,09-Jul-2023,-174560.42,
28-Oct-2022,14:35:24,YM2757,D5,3633,first_arrival,00769062,08-Jan-2023,-174560.42,
28-Oct-2022,14:35:24,YL3845,D5,3877,first_arrival,00769062,27-Dec-2022,-174560.42,arrived safely
28-Oct-2022,14:35:24,CP5864,D5,3474,first_arrival,00769062,30-Nov-2022,-174560.42,
29-Oct-2022,01:14:40,LT1910,A39,9649,move,39641270,12-Feb-2023,-218.61,moving LT1910 from C22:3953 to A39:9649 under 39641270 invoice
29-Oct-2022,14:40:20,TN6980,A32,4582,sale,62516358,09-Jul-2023,17386.25,finally
29-Oct-2022,17:17:04,YW3312,B3,6742,sale,73264134,12-Dec-2022,26464.02,finally
30-Oct-2022,06:43:17,RY4649,D5,2860,sale,49519411,08-Dec-2022,12888.82,
30-Oct-2022,16:38:25,TI1318,B3,2969,move,59084329,26-Dec-2022,-224.18,
31-Oct-2022,23:44:53,OW4289,B3,3873,sale,83315711,01-Mar-2023,8209.09,finally
01-Nov-2022,02:59:06,ZR5240,D5,2059,move,25353204,27-Jan-2023,-110.31,moving ZR5240 from B14:0036 to D5:2059 under 25353204 invoice
04-Nov-2022,06:18:17,KY2362,A48,1540,move,53429341,05-Sep-2022,-121.36,necessary action
04-Nov-2022,07:38:51,MY6002,A32,5693,move,49285318,24-Oct-2022,-209.60,moving MY6002 from C22:7796 to A32:5693 under 49285318 invoice
04-Nov-2022,14:20:04,PB9978,A32,5578,move,60118063,01-Jul-2023,-400.19,moving PB9978 from B3:7711 to A32:5578 under 60118063 invoice
04-Nov-2022,23:20:47,TN5233,A32,7705,move,81405496,17-Jan-2023,-305.03,necessary action
05-Nov-2022,03:44:49,WE8710,C22,0010,move,91350739,12-Apr-2023,-404.25,
05-Nov-2022,04:13:15,XJ0846,C22,3700,move,70329353,28-Jul-2023,-449.73,moving XJ0846 from D5:0444 to C22:3700 under 70329353 invoice
05-Nov-2022,04:24:23,AK6544,D5,7390,move,71006726,05-Apr-2023,-100.41,necessary action
05-Nov-2022,17:25:39,TZ9623,A48,3373,move,00261914,08-Jun-2023,-215.07,moving TZ9623 from D44:5322 to A48:3373 under 00261914 invoice
07-Nov-2022,06:48:13,JX8137,D44,0427,move,20817791,03-May-2023,-434.54,
07-Nov-2022,18:21:36,RK9615,C22,6390,move,88949963,21-Sep-2022,-254.42,necessary action
08-Nov-2022,01:02:40,NA8157,B3,1514,sale,02340164,04-Jun-2023,16896.28,yay
08-Nov-2022,06:06:16,DU3966,D5,5230,sale,00769062,22-Dec-2022,11034.81,
08-Nov-2022,09:02:19,JK3361,B3,5837,move,81771936,28-Sep-2022,-142.72,necessary action
08-Nov-2022,14:01:14,DL9842,D44,3047,move,20193559,24-Jun-2023,-136.94,necessary action
09-Nov-2022,14:49:12,NR3017,A39,8324,first_arrival,22134936,22-Jan-2023,-189449.06,arrived safely
09-Nov-2022,14:49:12,WL7098,A39,5493,first_arrival,22134936,20-Jan-2023,-189449.06,operation_cost = purchase_cost + delivery_cost
09-Nov-2022,14:49:12,UM7170,A39,9961,first_arrival,22134936,26-Jan-2023,-189449.06,
09-Nov-2022,14:49:12,VX8510,A39,8224,first_arrival,22134936,06-Mar-2023,-189449.06,operation_cost = purchase_cost + delivery_cost
09-Nov-2022,14:49:12,YI9189,A39,7850,first_arrival,22134936,14-Dec-2022,-189449.06,operation_cost = purchase_cost + delivery_cost
09-Nov-2022,14:49:12,VL0013,A39,9885,first_arrival,22134936,27-Apr-2023,-189449.06,
09-Nov-2022,14:49:12,OM0145,A39,2971,first_arrival,22134936,06-Jan-2023,-189449.06,
09-Nov-2022,14:49:12,CI7762,A39,0575,first_arrival,22134936,27-Jun-2023,-189449.06,operation_cost = purchase_cost + delivery_cost
09-Nov-2022,14:49:12,CC5196,A39,8503,first_arrival,22134936,21-Dec-2022,-189449.06,arrived safely
09-Nov-2022,14:49:12,YH3108,A39,7549,first_arrival,22134936,20-Dec-2022,-189449.06,arrived safely
09-Nov-2022,14:49:12,FN8017,A39,4441,first_arrival,22134936,04-Jun-2023,-189449.06,arrived safely
09-Nov-2022,14:49:12,TD6839,A39,8243,first_arrival,22134936,02-Apr-2023,-189449.06,arrived safely
09-Nov-2022,17:44:26,OH2598,B3,9560,dispose,73264134,01-Jul-2022,-347.84,
09-Nov-2022,23:07:53,FY8434,A48,7661,move,70039688,31-Jul-2023,-390.43,necessary action
10-Nov-2022,17:55:41,AA7528,D44,1361,move,14905068,21-Nov-2022,-222.43,moving AA7528 from A32:3030 to D44:1361 under 14905068 invoice
11-Nov-2022,06:58:17,AR4287,B14,9830,move,51662859,07-Nov-2022,-147.46,moving AR4287 from C22:5385 to B14:9830 under 51662859 invoice
12-Nov-2022,17:08:26,VX8510,B3,3155,move,46710415,06-Mar-2023,-241.35,necessary action
12-Nov-2022,20:00:09,YV7588,A48,5570,move,41081736,28-Feb-2023,-283.34,moving YV7588 from A39:2075 to A48:5570 under 41081736 invoice
13-Nov-2022,15:47:46,AA7528,A25,1916,move,80706644,21-Nov-2022,-328.69,moving AA7528 from D44:1361 to A25:1916 under 80706644 invoice
13-Nov-2022,19:14:38,EC0325,A39,2981,move,77173248,07-Mar-2023,-342.14,moving EC0325 from D5:5872 to A39:2981 under 77173248 invoice
14-Nov-2022,00:10:41,QI8615,C22,6876,move,26932312,09-Aug-2022,-436.49,necessary action
14-Nov-2022,08:01:41,NR3017,A32,5712,move,86528906,22-Jan-2023,-325.77,necessary action
15-Nov-2022,06:04:22,NY2169,A25,8182,move,82627428,26-Oct-2022,-190.25,
15-Nov-2022,10:19:06,SP9963,B3,1675,move,52843440,04-Oct-2022,-302.22,
15-Nov-2022,14:03:56,XD1064,B14,8567,sale,62660578,14-Feb-2023,27277.01,yay
15-Nov-2022,17:47:10,RD1291,C22,6436,move,00492933,31-Jul-2022,-372.96,moving RD1291 from D5:5557 to C22:6436 under 00492933 invoice
16-Nov-2022,03:28:13,TR7484,A25,1298,dispose,98674627,02-Aug-2022,-157.46,oops
17-Nov-2022,00:27:17,PB9978,A32,5578,sale,60118063,01-Jul-2023,18688.34,finally
17-Nov-2022,05:02:20,YV7588,A48,5570,sale,41081736,28-Feb-2023,18647.68,yay
17-Nov-2022,08:57:50,VX8510,B3,3155,sale,46710415,06-Mar-2023,11465.16,yay
17-Nov-2022,20:52:15,OM0145,A39,2971,sale,22134936,06-Jan-2023,29706.57,yay
18-Nov-2022,07:13:11,RZ9563,C22,4832,sale,37325911,27-Dec-2022,28373.77,finally
18-Nov-2022,07:19:35,DQ3779,A48,8738,move,90540568,09-Jul-2023,-155.41,
19-Nov-2022,09:11:50,ET4951,D44,1168,sale,41010144,31-May-2023,1762.96,finally
19-Nov-2022,18:11:18,MB2122,D44,3825,sale,41010144,12-Dec-2022,1553.97,finally
20-Nov-2022,02:26:17,JN9426,A48,7842,move,41897033,30-Apr-2023,-330.17,necessary action
20-Nov-2022,14:47:25,QA5237,C22,7429,move,83781254,18-Mar-2023,-211.69,moving QA5237 from A32:3478 to C22:7429 under 83781254 invoice
20-Nov-2022,20:19:33,VR3322,D44,6437,move,48138054,26-Dec-2022,-347.75,
21-Nov-2022,06:38:36,OT6495,A25,6174,move,87686452,26-Feb-2023,-203.40,
22-Nov-2022,08:35:56,CJ2992,B14,2484,move,55050413,26-Feb-2023,-336.84,necessary action
24-Nov-2022,14:15:40,AR4287,D44,5285,move,91712198,07-Nov-2022,-407.07,
24-Nov-2022,20:05:24,IZ2326,A25,0386,move,25169303,10-Jan-2023,-308.16,
25-Nov-2022,11:47:10,TI6493,D44,3613,move,91460579,02-Aug-2023,-240.34,
25-Nov-2022,16:13:11,CP5864,A39,4142,move,51524304,30-Nov-2022,-248.21,
26-Nov-2022,00:46:08,VP4845,B14,4232,move,31606366,09-Jul-2023,-217.94,moving VP4845 from D5:0377 to B14:4232 under 31606366 invoice
26-Nov-2022,12:07:08,NY2169,B14,0243,move,44772860,26-Oct-2022,-255.57,
27-Nov-2022,01:49:50,CI7762,B3,2945,move,41337815,27-Jun-2023,-449.05,
27-Nov-2022,07:33:17,FN8017,A25,7121,move,47170839,04-Jun-2023,-350.91,necessary action
27-Nov-2022,21:38:11,UT3621,A32,5599,move,98454824,04-Mar-2023,-445.16,moving UT3621 from B3:0108 to A32:5599 under 98454824 invoice
28-Nov-2022,03:15:49,VL0013,D44,0517,move,35509548,27-Apr-2023,-256.13,moving VL0013 from A39:9885 to D44:0517 under 35509548 invoice
28-Nov-2022,06:13:56,CI3671,A48,7889,move,70745785,06-May-2023,-338.58,
28-Nov-2022,09:28:04,AA7528,A25,1916,dispose,80706644,21-Nov-2022,-469.86,
28-Nov-2022,18:19:30,SK2820,A32,8967,move,81377593,14-Jun-2023,-308.69,moving SK2820 from B14:5219 to A32:8967 under 81377593 invoice
28-Nov-2022,20:15:06,JO5352,B3,0046,sale,70970352,05-Apr-2023,2019.46,yay
29-Nov-2022,11:24:00,PV6283,D44,3640,move,46469886,05-Jan-2023,-182.81,moving PV6283 from C22:0500 to D44:3640 under 46469886 invoice
30-Nov-2022,02:21:58,LG3535,A32,0789,move,14959482,28-Jul-2023,-190.11,necessary action
30-Nov-2022,06:23:17,FY5929,A32,6631,move,55787235,07-Apr-2023,-193.30,
01-Dec-2022,15:04:27,KR6634,B14,6552,move,78166086,26-Feb-2023,-300.85,
01-Dec-2022,17:36:52,IW4618,D5,5286,move,68046643,16-May-2022,-216.91,necessary action
02-Dec-2022,11:30:26,CC5196,B3,5834,move,98527943,21-Dec-2022,-327.31,moving CC5196 from A39:8503 to B3:5834 under 98527943 invoice
02-Dec-2022,19:34:53,NR3017,A32,5712,sale,86528906,22-Jan-2023,22780.74,
03-Dec-2022,03:53:41,JR3440,B3,4954,move,28205945,20-Nov-2022,-436.02,necessary action
03-Dec-2022,06:48:41,EC0325,A39,2981,sale,77173248,07-Mar-2023,19124.33,yay
03-Dec-2022,19:16:26,SH4787,A25,0865,move,97973751,20-Apr-2023,-157.79,moving SH4787 from B3:8363 to A25:0865 under 97973751 invoice
03-Dec-2022,21:35:02,DN6004,A39,0282,move,32623885,16-Nov-2022,-394.40,moving DN6004 from A32:7207 to A39:0282 under 32623885 invoice
04-Dec-2022,15:25:11,DL9842,D44,3047,sale,20193559,24-Jun-2023,18638.38,finally
04-Dec-2022,16:51:26,YH3108,A39,7549,sale,22134936,20-Dec-2022,21930.15,finally
04-Dec-2022,23:11:29,CV3929,A25,5622,move,92552284,02-Jun-2023,-396.17,necessary action
05-Dec-2022,10:12:32,HB1731,A39,5931,move,73994280,04-Oct-2022,-219.40,moving HB1731 from D5:0822 to A39:5931 under 73994280 invoice
06-Dec-2022,13:40:26,AJ4357,A32,4461,first_arrival,36680176,21-Mar-2023,-10780.69,arrived safely
06-Dec-2022,14:34:33,HS6864,B3,6231,move,07060390,23-Oct-2022,-173.86,
06-Dec-2022,22:31:03,TN5233,A25,1019,move,31173284,17-Jan-2023,-373.29,necessary action
07-Dec-2022,14:02:54,LE4331,C22,5273,move,61296053,11-Jan-2023,-388.56,necessary action
08-Dec-2022,14:39:24,CJ2992,B14,2484,sale,55050413,26-Feb-2023,11565.07,
08-Dec-2022,23:00:15,DQ3779,A48,8738,sale,90540568,09-Jul-2023,17442.46,yay
09-Dec-2022,01:13:37,ZM6587,B3,8568,move,22447056,10-Jan-2023,-342.52,moving ZM6587 from A25:4477 to B3:8568 under 22447056 invoice
09-Dec-2022,09:07:50,OO5319,A25,8666,move,61861913,28-Jul-2023,-163.97,
09-Dec-2022,10:56:15,FY8434,A48,7661,sale,70039688,31-Jul-2023,16584.39,
10-Dec-2022,00:20:24,PJ6702,D5,0817,sale,00769062,04-Feb-2023,9217.07,finally
12-Dec-2022,11:41:08,YY4858,B3,2164,sale,12848960,02-Apr-2023,11896.58,
12-Dec-2022,13:46:24,MB7444,D44,7586,move,89418830,09-Jun-2023,-404.22,moving MB7444 from A39:9453 to D44:7586 under 89418830 invoice
12-Dec-2022,17:27:34,QI8578,A25,1055,sale,30569583,11-Jan-2023,5698.84,
13-Dec-2022,00:02:40,DN6004,D44,8435,move,31506004,16-Nov-2022,-426.04,necessary action
13-Dec-2022,06:49:34,BO7206,A25,0193,first_arrival,27069855,25-Jul-2023,-35909.31,arrived safely
13-Dec-2022,06:49:34,NK8385,A25,6720,first_arrival,27069855,26-Dec-2022,-35909.31,arrived safely
13-Dec-2022,07:27:05,LR9009,B14,7946,move,49966096,14-Oct-2022,-351.83,
13-Dec-2022,13:19:38,LG3535,A39,9580,move,35814112,28-Jul-2023,-323.32,moving LG3535 from A32:0789 to A39:9580 under 35814112 invoice
13-Dec-2022,13:21:11,ZK7940,D44,1911,sale,38068726,09-Jul-2023,23794.78,yay
13-Dec-2022,14:59:48,IV3733,B14,8180,sale,62660578,10-Mar-2023,8097.70,yay
14-Dec-2022,03:04:17,VD3299,B3,6370,sale,83315711,28-Apr-2023,6602.86,yay
14-Dec-2022,13:36:29,KU6411,D44,0956,dispose,21600677,02-Jul-2022,-220.61,oops
14-Dec-2022,21:24:54,PV6283,D5,6324,move,35764671,05-Jan-2023,-434.60,
15-Dec-2022,03:21:01,KX1807,A39,6202,move,91428342,22-Jun-2023,-418.07,
15-Dec-2022,10:54:32,XY4965,C22,3860,sale,76995657,06-Feb-2023,8845.09,
15-Dec-2022,21:22:13,QK8423,A39,6855,move,56575855,11-Feb-2023,-339.83,necessary action
16-Dec-2022,13:36:25,UN5133,A25,9068,move,44232292,30-Oct-2022,-381.19,necessary action
17-Dec-2022,12:51:38,NP1280,B14,9726,move,04674995,13-Apr-2023,-453.62,necessary action
18-Dec-2022,00:52:11,IG3729,B14,6995,move,17680243,10-Apr-2023,-344.90,
18-Dec-2022,17:20:56,OO5319,A25,8666,sale,61861913,28-Jul-2023,17778.17,
19-Dec-2022,02:28:28,UT3621,B3,9669,move,28956036,04-Mar-2023,-345.98,
19-Dec-2022,06:26:49,ID1879,A39,5247,move,20061354,21-Feb-2023,-445.38,
19-Dec-2022,15:16:12,SK2820,D44,7521,move,15251529,14-Jun-2023,-378.18,
20-Dec-2022,05:27:47,XJ0846,D5,4822,move,61359425,28-Jul-2023,-495.75,necessary action
20-Dec-2022,14:46:50,MZ7962,B14,2236,sale,42575701,15-Jul-2023,26243.35,
21-Dec-2022,06:08:54,QA5237,C22,7429,sale,83781254,18-Mar-2023,5548.40,
21-Dec-2022,08:05:03,HW3148,A25,9852,move,44258055,19-Dec-2022,-379.48,
21-Dec-2022,23:31:58,JR3440,A25,9283,move,16161771,20-Nov-2022,-246.86,necessary action
22-Dec-2022,12:35:14,AP6256,D44,0876,move,72411359,17-Feb-2023,-344.68,
22-Dec-2022,14:58:07,FB9264,A32,8080,move,20659469,01-Jan-2023,-215.18,
22-Dec-2022,20:27:31,YL3845,A39,6592,move,29442456,27-Dec-2022,-354.37,
23-Dec-2022,02:38:13,JN9426,A48,7842,sale,41897033,30-Apr-2023,15370.40,yay
23-Dec-2022,17:58:39,PV6283,D5,6324,sale,35764671,05-Jan-2023,11657.87,
23-Dec-2022,18:38:38,WK8985,D5,1269,move,23685650,01-Oct-2022,-405.32,
23-Dec-2022,20:13:29,CP5864,D44,6168,move,91421787,30-Nov-2022,-255.23,necessary action
24-Dec-2022,06:19:44,TI0996,D44,4176,move,88930068,11-Jul-2023,-462.43,
24-Dec-2022,15:39:11,KR6634,B14,6552,sale,78166086,26-Feb-2023,18633.70,yay
24-Dec-2022,16:11:36,TD6839,A39,8243,sale,22134936,02-Apr-2023,3516.15,finally
24-Dec-2022,17:53:45,LH6844,B3,2279,move,25916494,01-Aug-2023,-415.17,moving LH6844 from D5:8857 to B3:2279 under 25916494 invoice
25-Dec-2022,20:50:03,UN5133,D44,7209,move,47556883,30-Oct-2022,-372.04,moving UN5133 from A25:9068 to D44:7209 under 47556883 invoice
26-Dec-2022,10:52:52,UT3621,B3,9669,sale,28956036,04-Mar-2023,21712.49,finally
26-Dec-2022,13:38:49,EN1229,B3,6250,move,48886112,07-Feb-2023,-157.90,moving EN1229 from A39:0273 to B3:6250 under 48886112 invoice
26-Dec-2022,17:24:53,ZR5240,D44,9821,move,49233751,27-Jan-2023,-239.85,necessary action
27-Dec-2022,12:30:51,MR1543,D44,9301,move,96949574,27-Nov-2022,-333.46,necessary action
27-Dec-2022,19:53:26,EW3444,A32,3514,move,25386662,29-Dec-2022,-267.08,necessary action
28-Dec-2022,00:57:41,CN4312,D44,3223,move,99605947,23-Sep-2022,-316.43,
28-Dec-2022,05:21:47,RS3087,C22,2750,dispose,94753131,16-Dec-2022,-405.12,
28-Dec-2022,19:41:07,EP9690,A39,4096,sale,22631288,05-Mar-2023,4035.24,yay
28-Dec-2022,21:11:19,CV3929,A25,5622,sale,92552284,02-Jun-2023,11614.98,
28-Dec-2022,23:45:43,IA5351,C22,5020,first_arrival,09930924,03-Jul-2023,-43546.86,operation_cost = purchase_cost + delivery_cost
28-Dec-2022,23:45:43,ZO0230,C22,6175,first_arrival,09930924,31-Jan-2023,-43546.86,
28-Dec-2022,23:45:43,HX5977,C22,7081,first_arrival,09930924,23-Apr-2023,-43546.86,operation_cost = purchase_cost + delivery_cost
29-Dec-2022,15:46:41,NU8490,A39,3674,dispose,21601243,27-Oct-2022,-344.68,unfortunate
30-Dec-2022,03:04:03,JX8137,D44,0427,sale,20817791,03-May-2023,17783.87,
30-Dec-2022,03:56:19,BA0956,A25,8678,move,11900601,01-Mar-2023,-226.24,
31-Dec-2022,04:18:43,LP6775,B14,4515,move,53431144,21-Jan-2023,-213.64,
31-Dec-2022,05:29:30,EN1229,B3,6250,sale,48886112,07-Feb-2023,27355.10,
31-Dec-2022,09:24:28,TT7120,D5,5522,move,60803958,28-Dec-2022,-192.31,necessary action
31-Dec-2022,16:35:02,SP9963,A48,9404,move,00563517,04-Oct-2022,-227.96,moving SP9963 from B3:1675 to A48:9404 under 00563517 invoice
01-Jan-2023,17:39:55,NP1280,B14,9726,sale,04674995,13-Apr-2023,11648.28,
01-Jan-2023,21:33:01,RK9615,A25,7740,move,08386839,21-Sep-2022,-134.33,moving RK9615 from C22:6390 to A25:7740 under 08386839 invoice
02-Jan-2023,09:56:31,EW3444,D44,2227,move,08088926,29-Dec-2022,-473.87,
02-Jan-2023,11:10:48,NI3421,A32,7910,move,30696545,17-Dec-2022,-219.49,necessary action
02-Jan-2023,15:55:03,VO9800,A32,7566,move,25214797,07-Mar-2023,-319.93,necessary action
02-Jan-2023,23:49:18,YI9189,C22,5119,move,96550730,14-Dec-2022,-127.98,moving YI9189 from A39:7850 to C22:5119 under 96550730 invoice
03-Jan-2023,09:44:15,LH6844,B3,2279,sale,25916494,01-Aug-2023,15892.22,
03-Jan-2023,10:30:23,YZ0627,B14,8097,sale,62660578,09-Jan-2023,9946.77,finally
04-Jan-2023,20:30:04,NI3421,A48,0166,move,37490063,17-Dec-2022,-293.38,necessary action
05-Jan-2023,13:19:37,BA0956,A25,8678,sale,11900601,01-Mar-2023,7263.62,yay
05-Jan-2023,16:44:27,LR4818,B14,5222,move,81555622,28-Sep-2022,-147.87,necessary action
06-Jan-2023,10:20:22,IG3729,C22,6293,move,50945551,10-Apr-2023,-314.51,moving IG3729 from B14:6995 to C22:6293 under 50945551 invoice
06-Jan-2023,12:30:00,SP9963,A48,9404,dispose,00563517,04-Oct-2022,-76.94,:`(
06-Jan-2023,23:39:36,SU4838,B3,0498,sale,59579718,06-Jun-2023,1709.76,yay
07-Jan-2023,02:28:17,YI9189,C22,5119,dispose,96550730,14-Dec-2022,19.07,
07-Jan-2023,09:42:20,TI1318,B3,2969,dispose,59084329,26-Dec-2022,-425.80,:`(
07-Jan-2023,11:21:03,IG3729,C22,6293,sale,50945551,10-Apr-2023,14554.22,
08-Jan-2023,00:28:00,QK8423,A48,6444,move,88696950,11-Feb-2023,-491.66,moving QK8423 from A39:6855 to A48:6444 under 88696950 invoice
08-Jan-2023,05:39:20,BO7206,C22,1367,move,70534416,25-Jul-2023,-104.66,necessary action
08-Jan-2023,11:46:24,FB6355,A32,7395,move,34823640,16-Jun-2023,-189.21,moving FB6355 from D44:9997 to A32:7395 under 34823640 invoice
08-Jan-2023,19:18:18,LM7225,B14,9637,dispose,67264331,21-Dec-2022,-377.09,it stinks
09-Jan-2023,14:52:59,GP3758,B3,9260,move,93372179,22-Jun-2023,-180.62,moving GP3758 from A39:3978 to B3:9260 under 93372179 invoice
10-Jan-2023,19:29:49,LE4331,A39,3681,move,37389221,11-Jan-2023,-459.16,moving LE4331 from C22:5273 to A39:3681 under 37389221 invoice
10-Jan-2023,23:54:52,BO7880,B3,3440,move,81549547,29-Nov-2022,-230.87,moving BO7880 from D44:5341 to B3:3440 under 81549547 invoice
11-Jan-2023,04:47:00,HW3148,A48,4621,move,87322940,19-Dec-2022,-197.67,necessary action
11-Jan-2023,04:49:17,SH4787,C22,4889,move,51901478,20-Apr-2023,-315.11,moving SH4787 from A25:0865 to C22:4889 under 51901478 invoice
11-Jan-2023,05:21:04,CH3181,D44,4215,sale,36093702,21-Apr-2023,15750.40,finally
11-Jan-2023,10:20:45,CC5196,B3,5834,dispose,98527943,21-Dec-2022,33.73,
12-Jan-2023,00:14:44,EW3444,D44,2227,dispose,08088926,29-Dec-2022,-163.55,oops
12-Jan-2023,01:06:20,UI7212,D5,2859,move,13614454,01-Nov-2022,-181.97,
12-Jan-2023,10:58:45,XZ1137,B14,1244,move,78362481,27-Apr-2023,-459.17,necessary action
12-Jan-2023,14:54:18,PY2609,C22,5938,sale,76995657,24-Jul-2023,15902.91,yay
12-Jan-2023,15:03:31,CI7762,B3,2945,sale,41337815,27-Jun-2023,10573.94,finally
12-Jan-2023,23:18:22,HW3468,A25,6631,move,20745027,12-Jul-2023,-351.12,moving HW3468 from A39:1557 to A25:6631 under 20745027 invoice
12-Jan-2023,23:41:03,WL7098,B3,7335,move,42852481,20-Jan-2023,-437.89,moving WL7098 from A39:5493 to B3:7335 under 42852481 invoice
13-Jan-2023,12:34:05,FB9264,A32,8080,dispose,20659469,01-Jan-2023,48.96,at least some compensation
13-Jan-2023,16:14:36,WE8710,B14,5932,move,66623104,12-Apr-2023,-408.64,
14-Jan-2023,05:32:55,HZ7184,A32,8476,move,40592549,04-Dec-2022,-242.97,moving HZ7184 from D44:5057 to A32:8476 under 40592549 invoice
14-Jan-2023,07:59:21,CN4312,A39,6724,move,04480181,23-Sep-2022,-198.78,
14-Jan-2023,10:29:53,DF5496,D44,9085,move,68888096,15-Jul-2022,-322.48,necessary action
14-Jan-2023,10:41:13,GS2747,A25,5489,sale,30227572,08-Aug-2023,25208.89,finally
14-Jan-2023,11:29:31,LE4331,A48,9209,move,12264606,11-Jan-2023,-348.90,necessary action
14-Jan-2023,12:49:06,UE2208,D5,0739,first_arrival,44028159,12-Mar-2023,-26957.87,operation_cost = purchase_cost + delivery_cost
14-Jan-2023,12:49:06,VH2207,D5,2819,first_arrival,44028159,09-Jun-2023,-26957.87,operation_cost = purchase_cost + delivery_cost
14-Jan-2023,12:49:06,DW6191,D5,6412,first_arrival,44028159,04-Apr-2023,-26957.87,operation_cost = purchase_cost + delivery_cost
14-Jan-2023,12:49:06,KK6651,D5,2316,first_arrival,44028159,27-Apr-2023,-26957.87,
15-Jan-2023,11:23:18,FB6355,D44,0874,move,72922723,16-Jun-2023,-227.81,moving FB6355 from A32:7395 to D44:0874 under 72922723 invoice
15-Jan-2023,16:28:01,VO9800,C22,8858,move,28595068,07-Mar-2023,-301.96,
15-Jan-2023,17:10:25,YM2757,D5,3633,dispose,00769062,08-Jan-2023,-480.96,:`(
16-Jan-2023,04:53:26,QI8615,D44,6446,move,91881422,09-Aug-2022,-452.43,
16-Jan-2023,08:16:45,XQ6147,A48,0173,sale,65129765,26-May-2023,27737.34,
16-Jan-2023,08:41:50,NI3421,A25,0693,move,15654434,17-Dec-2022,-398.71,
16-Jan-2023,13:40:41,TN5233,A25,1019,sale,31173284,17-Jan-2023,27967.07,finally
16-Jan-2023,14:47:01,KY2362,A48,1540,dispose,53429341,05-Sep-2022,-54.73,:`(
16-Jan-2023,17:30:31,XZ1137,B14,1244,sale,78362481,27-Apr-2023,23468.31,
16-Jan-2023,18:14:52,JR3440,B3,4621,move,59575575,20-Nov-2022,-473.03,
17-Jan-2023,00:59:22,KX1807,D44,8680,move,31283864,22-Jun-2023,-162.20,
17-Jan-2023,01:41:25,TI6493,D44,3613,sale,91460579,02-Aug-2023,26351.04,
17-Jan-2023,03:46:41,NY2169,B14,0243,dispose,44772860,26-Oct-2022,-21.38,
17-Jan-2023,11:08:55,HS6864,B14,7908,move,64866606,23-Oct-2022,-331.77,necessary action
18-Jan-2023,03:49:12,TI0996,D44,4176,sale,88930068,11-Jul-2023,11928.86,yay
18-Jan-2023,04:51:36,AK6544,A32,7592,move,00912966,05-Apr-2023,-400.38,
18-Jan-2023,05:04:18,LG3535,B3,6505,move,11042598,28-Jul-2023,-207.05,moving LG3535 from A39:9580 to B3:6505 under 11042598 invoice
18-Jan-2023,07:23:31,CP5864,A48,2800,move,23085907,30-Nov-2022,-308.09,moving CP5864 from D44:6168 to A48:2800 under 23085907 invoice
18-Jan-2023,11:31:13,MY6002,A32,5693,dispose,49285318,24-Oct-2022,-61.89,:`(
18-Jan-2023,23:49:22,VO9800,C22,8858,sale,28595068,07-Mar-2023,25012.91,yay
19-Jan-2023,00:28:24,CI3671,A39,4916,move,90540039,06-May-2023,-204.64,necessary action
19-Jan-2023,01:19:49,MY4669,B3,0173,move,14181435,03-Dec-2022,-272.16,moving MY4669 from C22:0978 to B3:0173 under 14181435 invoice
19-Jan-2023,01:51:41,UM7170,A39,9961,sale,22134936,26-Jan-2023,136.12,finally
19-Jan-2023,19:04:29,ZY1051,B3,2919,move,17698700,17-Jan-2023,-222.01,moving ZY1051 from D5:4239 to B3:2919 under 17698700 invoice
19-Jan-2023,22:42:07,JS9683,A32,5109,dispose,62516358,21-Sep-2022,-266.84,oops
19-Jan-2023,23:25:46,DN6004,D44,8435,dispose,31506004,16-Nov-2022,-281.26,:`(
20-Jan-2023,00:06:47,ZO0230,C22,6175,sale,09930924,31-Jan-2023,15153.80,finally
20-Jan-2023,04:12:15,AJ4357,A39,1467,move,41106823,21-Mar-2023,-436.84,necessary action
20-Jan-2023,17:55:01,ID1879,A39,5247,sale,20061354,21-Feb-2023,11674.07,yay
20-Jan-2023,18:34:38,UE2208,A48,5091,move,27871686,12-Mar-2023,-450.53,necessary action
20-Jan-2023,19:20:14,XJ0846,D5,4822,sale,61359425,28-Jul-2023,9353.13,yay
20-Jan-2023,20:51:54,HX5977,B3,4359,move,10741451,23-Apr-2023,-150.77,moving HX5977 from C22:7081 to B3:4359 under 10741451 invoice
21-Jan-2023,12:50:31,TZ9623,A32,0617,move,90395779,08-Jun-2023,-335.55,necessary action
21-Jan-2023,16:32:20,CE6343,A39,9916,dispose,64160300,24-Nov-2022,-467.87,it stinks
21-Jan-2023,19:20:56,DH3257,A48,3978,move,49598063,03-Dec-2022,-104.20,necessary action
21-Jan-2023,23:47:08,AM5071,D44,0808,move,89725572,21-Jun-2023,-457.59,moving AM5071 from C22:0188 to D44:0808 under 89725572 invoice
22-Jan-2023,01:01:48,AR4287,D44,5285,dispose,91712198,07-Nov-2022,-185.21,it stinks
22-Jan-2023,07:46:39,CS1221,A25,8334,move,87220184,06-Nov-2022,-297.45,
22-Jan-2023,09:26:06,PX7093,A48,8363,move,26100129,30-May-2023,-176.32,
22-Jan-2023,12:16:36,SH4787,C22,4889,sale,51901478,20-Apr-2023,19193.56,
22-Jan-2023,14:20:51,KX1807,D44,8680,sale,31283864,22-Jun-2023,3951.64,finally
22-Jan-2023,16:36:23,AJ4357,A39,1467,sale,41106823,21-Mar-2023,10248.87,
22-Jan-2023,17:26:14,HX5977,B3,4359,sale,10741451,23-Apr-2023,23762.42,
22-Jan-2023,17:36:09,LG3535,B3,6505,sale,11042598,28-Jul-2023,11421.56,finally
23-Jan-2023,02:11:07,VH2207,A25,4240,move,68097155,09-Jun-2023,-302.39,necessary action
23-Jan-2023,05:36:05,DW6191,D44,5690,move,63545907,04-Apr-2023,-258.54,
23-Jan-2023,08:51:08,HN7140,D44,9988,move,57582612,25-May-2023,-425.88,moving HN7140 from A25:1010 to D44:9988 under 57582612 invoice
23-Jan-2023,09:27:23,IA5351,A25,0820,move,17053727,03-Jul-2023,-202.38,necessary action
23-Jan-2023,10:52:03,TZ9623,D5,8350,move,85268444,08-Jun-2023,-356.79,
23-Jan-2023,13:32:37,NI3421,A25,0693,dispose,15654434,17-Dec-2022,-226.17,
23-Jan-2023,17:13:54,IM8944,D44,8078,dispose,63067709,09-Sep-2022,74.11,resold wasted parts
23-Jan-2023,18:26:01,MY4669,B3,0173,dispose,14181435,03-Dec-2022,74.21,at least some compensation
23-Jan-2023,22:27:22,QK8423,B3,1893,move,60136181,11-Feb-2023,-439.26,moving QK8423 from A48:6444 to B3:1893 under 60136181 invoice
24-Jan-2023,12:58:50,RD1291,D44,3066,move,17708719,31-Jul-2022,-442.08,moving RD1291 from C22:6436 to D44:3066 under 17708719 invoice
25-Jan-2023,03:14:49,WL7098,B14,1135,move,24093539,20-Jan-2023,-171.62,moving WL7098 from B3:7335 to B14:1135 under 24093539 invoice
25-Jan-2023,03:23:12,MR1543,A39,8665,move,40193323,27-Nov-2022,-103.17,moving MR1543 from D44:9301 to A39:8665 under 40193323 invoice
25-Jan-2023,04:29:09,HZ7184,A32,8476,dispose,40592549,04-Dec-2022,73.55,resold wasted parts
25-Jan-2023,06:12:41,AO2901,A39,7432,sale,96572674,20-Feb-2023,20495.11,
25-Jan-2023,11:49:57,AM5071,A25,4413,move,93935529,21-Jun-2023,-300.91,moving AM5071 from D44:0808 to A25:4413 under 93935529 invoice
26-Jan-2023,00:34:47,AK0227,A48,4811,move,72903644,05-Nov-2022,-160.91,
26-Jan-2023,07:41:11,NF8061,B14,3849,dispose,55422789,24-Jan-2023,-458.28,oops
26-Jan-2023,07:50:38,XA2538,A25,4262,move,63438308,17-Dec-2022,-191.06,
26-Jan-2023,08:11:04,VH2207,B3,4879,move,22226727,09-Jun-2023,-419.98,
26-Jan-2023,09:27:30,LN9547,C22,5862,move,00702262,02-Apr-2023,-243.25,moving LN9547 from B14:7140 to C22:5862 under 00702262 invoice
26-Jan-2023,15:28:23,DH3257,A48,3978,dispose,49598063,03-Dec-2022,-208.70,oops
26-Jan-2023,19:56:27,JK3361,B3,5837,dispose,81771936,28-Sep-2022,-208.30,oops
26-Jan-2023,21:11:00,LR4818,D5,8362,move,46163674,28-Sep-2022,-475.43,
27-Jan-2023,13:55:02,RK9615,A48,1398,move,92325292,21-Sep-2022,-301.03,necessary action
27-Jan-2023,14:04:26,UE2208,A48,5091,sale,27871686,12-Mar-2023,12266.73,yay
28-Jan-2023,04:44:00,QJ2822,A48,4598,move,52874755,27-Mar-2023,-350.79,
28-Jan-2023,14:38:41,VR3322,D44,6437,dispose,48138054,26-Dec-2022,-171.30,
28-Jan-2023,23:34:27,OG7216,A48,2277,move,95612299,17-Apr-2023,-321.30,
29-Jan-2023,08:24:00,OT6495,A25,6174,sale,87686452,26-Feb-2023,7215.54,
29-Jan-2023,13:59:21,IW4618,B14,7684,move,54765736,16-May-2022,-433.20,
29-Jan-2023,21:08:17,ZR5240,D44,9821,dispose,49233751,27-Jan-2023,-336.41,
29-Jan-2023,23:52:08,PX7093,A32,0845,move,25145650,30-May-2023,-335.22,necessary action
30-Jan-2023,00:14:49,OG7216,A48,2277,sale,95612299,17-Apr-2023,18610.93,
30-Jan-2023,00:47:31,FN8017,A48,0910,move,05210893,04-Jun-2023,-467.29,moving FN8017 from A25:7121 to A48:0910 under 05210893 invoice
30-Jan-2023,06:38:22,VL0013,D44,0517,sale,35509548,27-Apr-2023,9706.85,yay
30-Jan-2023,15:15:41,AK0227,D5,9215,move,48052995,05-Nov-2022,-241.39,necessary action
30-Jan-2023,18:29:21,ZY1051,B3,2919,dispose,17698700,17-Jan-2023,-71.30,oops
30-Jan-2023,19:43:08,WK8985,C22,1958,move,81752211,01-Oct-2022,-285.81,necessary action
30-Jan-2023,23:23:20,QI8615,A39,2526,move,79161656,09-Aug-2022,-321.81,moving QI8615 from D44:6446 to A39:2526 under 79161656 invoice
31-Jan-2023,03:52:54,LP6775,A39,8020,move,98117165,21-Jan-2023,-223.22,moving LP6775 from B14:4515 to A39:8020 under 98117165 invoice
31-Jan-2023,06:36:09,UN5133,A39,8103,move,73738975,30-Oct-2022,-144.01,necessary action
31-Jan-2023,09:12:26,HW3468,A25,6631,sale,20745027,12-Jul-2023,11546.24,
31-Jan-2023,12:31:37,QX6434,A32,6956,move,08731514,04-Nov-2022,-374.07,moving QX6434 from D44:0586 to A32:6956 under 08731514 invoice
31-Jan-2023,17:51:38,CS1221,A48,6779,move,59578861,06-Nov-2022,-380.01,
31-Jan-2023,18:29:28,TT7120,D5,5522,dispose,60803958,28-Dec-2022,-424.91,unfortunate
31-Jan-2023,23:15:57,KK6651,B14,8627,move,38872039,27-Apr-2023,-422.20,necessary action
01-Feb-2023,04:19:05,II5005,A48,3572,move,04577384,12-Oct-2022,-143.83,necessary action
01-Feb-2023,14:43:18,IA5351,D5,6707,move,20360418,03-Jul-2023,-493.14,necessary action
01-Feb-2023,15:16:30,AM5071,B3,3002,move,31150123,21-Jun-2023,-203.25,moving AM5071 from A25:4413 to B3:3002 under 31150123 invoice
01-Feb-2023,22:05:21,DF5496,B14,3091,move,47913187,15-Jul-2022,-171.62,necessary action
02-Feb-2023,02:54:04,UI7212,D5,2859,dispose,13614454,01-Nov-2022,-243.10,:`(
02-Feb-2023,03:15:30,QI8615,A39,2526,dispose,79161656,09-Aug-2022,70.18,managed to sell partially!
02-Feb-2023,06:06:55,PX7093,A39,9031,move,18641634,30-May-2023,-289.38,moving PX7093 from A32:0845 to A39:9031 under 18641634 invoice
02-Feb-2023,07:18:53,TZ9623,D5,8350,sale,85268444,08-Jun-2023,1077.47,
02-Feb-2023,22:32:26,PJ6540,A48,5472,move,47347478,15-Jul-2023,-455.85,moving PJ6540 from A32:8761 to A48:5472 under 47347478 invoice
03-Feb-2023,00:41:52,HN7140,D44,9988,sale,57582612,25-May-2023,28421.01,yay
03-Feb-2023,05:17:30,LP6775,A32,8555,move,26378420,21-Jan-2023,-325.92,moving LP6775 from A39:8020 to A32:8555 under 26378420 invoice
03-Feb-2023,12:19:41,HS6864,B14,7908,dispose,64866606,23-Oct-2022,-52.14,
03-Feb-2023,18:04:21,AK6544,A32,7592,sale,00912966,05-Apr-2023,5494.86,finally
04-Feb-2023,00:56:35,RK9615,A48,1398,dispose,92325292,21-Sep-2022,-444.68,:`(
04-Feb-2023,02:45:04,CI3671,B3,1753,move,02864925,06-May-2023,-340.16,moving CI3671 from A39:4916 to B3:1753 under 02864925 invoice
04-Feb-2023,04:01:06,VH2207,B3,4879,sale,22226727,09-Jun-2023,28056.35,finally
04-Feb-2023,04:44:44,QJ2822,B14,7080,move,29134825,27-Mar-2023,-249.19,necessary action
04-Feb-2023,05:39:06,WE8710,B14,5932,sale,66623104,12-Apr-2023,17088.95,yay
04-Feb-2023,06:02:34,IW4618,B14,7684,dispose,54765736,16-May-2022,-131.15,unfortunate
04-Feb-2023,06:14:43,CN4312,A39,6724,dispose,04480181,23-Sep-2022,64.36,managed to sell partially!
04-Feb-2023,11:57:27,DF5496,B14,3091,dispose,47913187,15-Jul-2022,86.09,resold wasted parts
04-Feb-2023,14:03:11,PJ6540,A48,5472,sale,47347478,15-Jul-2023,7865.22,yay
04-Feb-2023,16:00:50,WK8985,C22,1958,dispose,81752211,01-Oct-2022,-388.32,:`(
04-Feb-2023,17:46:51,KX2513,A39,6642,dispose,93344493,07-Dec-2022,45.24,at least some compensation
04-Feb-2023,18:19:08,GW0122,A39,2754,move,65125974,28-Nov-2022,-227.38,
04-Feb-2023,18:31:37,HB1731,D5,9357,move,75558952,04-Oct-2022,-173.05,moving HB1731 from A39:5931 to D5:9357 under 75558952 invoice
04-Feb-2023,19:07:40,ZM6587,D44,9461,move,36196344,10-Jan-2023,-488.51,necessary action
04-Feb-2023,19:24:39,QK8423,B3,1893,sale,60136181,11-Feb-2023,8212.47,
04-Feb-2023,21:46:19,UN5133,A39,8103,dispose,73738975,30-Oct-2022,-290.44,:`(
05-Feb-2023,06:12:24,KG2266,B14,2336,sale,39962190,05-May-2023,18003.67,finally
05-Feb-2023,06:27:33,IZ2326,A39,5211,move,49715002,10-Jan-2023,-216.12,moving IZ2326 from A25:0386 to A39:5211 under 49715002 invoice
05-Feb-2023,07:30:17,AK0227,A48,0809,move,70741413,05-Nov-2022,-322.74,
05-Feb-2023,12:56:16,UH5842,C22,4388,dispose,95723133,12-Jul-2022,-240.96,
05-Feb-2023,13:45:04,FN8017,A39,5454,move,74845743,04-Jun-2023,-111.21,moving FN8017 from A48:0910 to A39:5454 under 74845743 invoice
05-Feb-2023,15:34:48,JV3688,D44,9321,move,41063990,23-Apr-2023,-462.73,necessary action
05-Feb-2023,15:37:12,LE4331,A48,9209,dispose,12264606,11-Jan-2023,-29.22,unfortunate
06-Feb-2023,00:19:51,CI3671,B3,1753,sale,02864925,06-May-2023,14790.29,finally
06-Feb-2023,03:12:30,IV4996,A39,5333,dispose,37640267,14-Jan-2023,-403.40,it stinks
06-Feb-2023,04:10:41,FB6355,D44,0874,sale,72922723,16-Jun-2023,27697.81,finally
06-Feb-2023,10:07:11,MW9308,A48,9502,move,12627648,28-Nov-2022,-471.47,
06-Feb-2023,11:38:42,MB7444,C22,1799,move,16276837,09-Jun-2023,-479.76,moving MB7444 from D44:7586 to C22:1799 under 16276837 invoice
06-Feb-2023,13:55:20,QJ2822,B14,7080,sale,29134825,27-Mar-2023,22389.94,finally
06-Feb-2023,17:01:31,JV3688,A39,0040,move,38869963,23-Apr-2023,-371.58,necessary action
06-Feb-2023,20:23:29,QX6434,B14,7801,move,38280114,04-Nov-2022,-151.05,
06-Feb-2023,21:23:51,KK6651,B14,8627,sale,38872039,27-Apr-2023,559.82,
07-Feb-2023,01:54:50,II5005,A48,3572,dispose,04577384,12-Oct-2022,-191.96,
07-Feb-2023,03:34:24,NK8385,A25,6720,dispose,27069855,26-Dec-2022,-307.64,:`(
07-Feb-2023,05:19:59,CS1221,C22,1769,move,46568432,06-Nov-2022,-224.01,moving CS1221 from A48:6779 to C22:1769 under 46568432 invoice
07-Feb-2023,08:02:56,IZ2326,C22,5042,move,47509633,10-Jan-2023,-403.87,
07-Feb-2023,10:01:09,TA9285,B14,8344,sale,62660578,23-Apr-2023,2833.39,
07-Feb-2023,15:34:31,LP6775,A32,8555,dispose,26378420,21-Jan-2023,-373.52,it stinks
07-Feb-2023,16:20:04,LR4818,D5,8362,dispose,46163674,28-Sep-2022,-275.79,
07-Feb-2023,18:41:26,LN9547,A32,7968,move,08982222,02-Apr-2023,-220.90,moving LN9547 from C22:5862 to A32:7968 under 08982222 invoice
07-Feb-2023,20:15:05,HW3148,A48,4621,dispose,87322940,19-Dec-2022,-54.10,:`(
08-Feb-2023,00:00:10,YZ4333,A48,2693,move,12789937,28-May-2023,-380.46,moving YZ4333 from A32:9177 to A48:2693 under 12789937 invoice
08-Feb-2023,00:48:50,ZM6587,D44,9461,dispose,36196344,10-Jan-2023,94.59,
08-Feb-2023,01:48:43,AK0227,A48,0809,dispose,70741413,05-Nov-2022,-234.66,oops
08-Feb-2023,03:55:32,KO8297,D5,7295,move,59390564,10-Jul-2023,-404.24,
08-Feb-2023,04:35:46,XA2538,A48,6303,move,96077242,17-Dec-2022,-399.75,necessary action
08-Feb-2023,06:05:43,BO7206,C22,1367,sale,70534416,25-Jul-2023,3188.63,yay
08-Feb-2023,08:15:50,FY5929,A32,6631,sale,55787235,07-Apr-2023,17896.86,yay
08-Feb-2023,08:30:50,SK2820,D44,7521,sale,15251529,14-Jun-2023,18617.25,
08-Feb-2023,11:05:30,DW6191,D44,5690,sale,63545907,04-Apr-2023,1965.33,
08-Feb-2023,12:44:38,VP4845,D5,8975,move,89956601,09-Jul-2023,-126.88,moving VP4845 from B14:4232 to D5:8975 under 89956601 invoice
08-Feb-2023,15:11:12,LR9009,B14,7946,dispose,49966096,14-Oct-2022,-449.85,:`(
08-Feb-2023,16:54:35,CP5864,A48,2800,dispose,23085907,30-Nov-2022,-289.43,unfortunate
08-Feb-2023,19:25:47,HB1731,D5,9357,dispose,75558952,04-Oct-2022,-220.77,:`(
08-Feb-2023,22:01:35,BO7880,B3,3440,dispose,81549547,29-Nov-2022,45.71,at least some compensation
08-Feb-2023,23:16:33,GP3758,B3,9260,sale,93372179,22-Jun-2023,25334.66,
08-Feb-2023,23:42:43,RD1291,D44,3066,dispose,17708719,31-Jul-2022,-341.99,it stinks
09-Feb-2023,04:24:09,JV3688,A39,0040,sale,38869963,23-Apr-2023,11508.56,
09-Feb-2023,06:48:43,MR1543,D5,9182,move,67886058,27-Nov-2022,-185.14,
09-Feb-2023,08:01:20,IZ2326,C22,5042,dispose,47509633,10-Jan-2023,32.62,managed to sell partially!
09-Feb-2023,12:02:48,WL7098,A39,0221,move,76790994,20-Jan-2023,-430.12,moving WL7098 from B14:1135 to A39:0221 under 76790994 invoice
09-Feb-2023,16:33:37,LN9547,A32,7968,sale,08982222,02-Apr-2023,16155.45,
09-Feb-2023,16:55:55,XA2538,A48,6303,dispose,96077242,17-Dec-2022,-488.74,unfortunate
09-Feb-2023,18:55:12,TR4593,A39,0586,move,31024909,03-Jan-2023,-416.54,
09-Feb-2023,19:07:22,FN8017,A39,5454,sale,74845743,04-Jun-2023,14945.69,
09-Feb-2023,20:29:22,LT1910,A39,9649,sale,39641270,12-Feb-2023,3701.78,
10-Feb-2023,00:02:47,AP6256,D44,0876,sale,72411359,17-Feb-2023,20773.67,finally
10-Feb-2023,00:56:45,SU7165,B14,3126,move,27226851,26-Jun-2023,-354.30,moving SU7165 from A32:5344 to B14:3126 under 27226851 invoice
10-Feb-2023,03:44:27,CS1221,C22,1769,dispose,46568432,06-Nov-2022,-429.84,oops
10-Feb-2023,05:40:28,GW0122,A39,2754,dispose,65125974,28-Nov-2022,-322.75,:`(
10-Feb-2023,05:57:39,BY0513,B14,0344,move,48717589,26-Dec-2022,-227.02,moving BY0513 from A39:1445 to B14:0344 under 48717589 invoice
10-Feb-2023,09:47:57,YL3845,A39,6592,dispose,29442456,27-Dec-2022,-49.16,oops
10-Feb-2023,10:12:23,PX7093,A39,9031,sale,18641634,30-May-2023,10709.60,
10-Feb-2023,11:11:07,YZ4333,A48,2693,sale,12789937,28-May-2023,3730.53,yay
10-Feb-2023,12:34:48,MR1543,D5,9182,dispose,67886058,27-Nov-2022,-127.02,
10-Feb-2023,15:26:06,QX6434,B14,7801,dispose,38280114,04-Nov-2022,-390.96,unfortunate
10-Feb-2023,18:50:47,JR3440,B3,4621,dispose,59575575,20-Nov-2022,-196.92,unfortunate
11-Feb-2023,00:15:04,WL7098,A39,0221,dispose,76790994,20-Jan-2023,-270.26,oops
11-Feb-2023,03:10:41,IA5351,A39,9655,move,82983596,03-Jul-2023,-270.74,moving IA5351 from D5:6707 to A39:9655 under 82983596 invoice
11-Feb-2023,04:15:17,QR4627,A39,5873,move,23883370,03-Feb-2023,-423.64,moving QR4627 from D5:5340 to A39:5873 under 23883370 invoice
11-Feb-2023,06:35:06,AM5071,B3,3002,sale,31150123,21-Jun-2023,528.83,finally
11-Feb-2023,09:36:43,KO8297,D5,7295,sale,59390564,10-Jul-2023,22775.50,finally
11-Feb-2023,10:14:37,BY0513,A48,0447,move,49788706,26-Dec-2022,-170.12,
11-Feb-2023,10:59:28,VP4845,D5,8975,sale,89956601,09-Jul-2023,19263.37,
11-Feb-2023,12:56:51,MB7444,C22,1799,sale,16276837,09-Jun-2023,26273.69,finally
11-Feb-2023,13:30:36,VX2927,A48,0636,move,93024280,22-Nov-2022,-119.01,moving VX2927 from A32:2482 to A48:0636 under 93024280 invoice
11-Feb-2023,13:56:35,TR4593,A39,0586,dispose,31024909,03-Jan-2023,-177.96,it stinks
11-Feb-2023,14:09:18,MW9308,D44,0400,move,04106605,28-Nov-2022,-423.98,
11-Feb-2023,14:10:26,SU7165,D5,9155,move,57720097,26-Jun-2023,-250.19,necessary action
11-Feb-2023,14:11:27,SU7165,D5,9155,sale,57720097,26-Jun-2023,17366.82,finally
11-Feb-2023,14:11:27,QR4627,A39,5873,dispose,23883370,03-Feb-2023,-363.92,
11-Feb-2023,14:11:27,IA5351,A39,9655,sale,82983596,03-Jul-2023,2572.40,
11-Feb-2023,14:11:27,BY0513,A48,0447,dispose,49788706,26-Dec-2022,-449.25,
11-Feb-2023,14:11:27,MW9308,A39,3927,move,95367175,28-Nov-2022,-174.49,necessary action
11-Feb-2023,14:11:27,MW9308,A39,3927,dispose,95367175,28-Nov-2022,-253.06,it stinks
11-Feb-2023,14:11:27,VX2927,C22,5753,move,14315941,22-Nov-2022,-260.49,
11-Feb-2023,14:11:27,VX2927,A39,4195,move,18127347,22-Nov-2022,-378.32,necessary action
11-Feb-2023,14:11:27,VX2927,A39,4195,dispose,18127347,22-Nov-2022,28.56,
